"--large-name26--","CmsContentDefinition(String,Map<String,Entity>,Map<String,AttributeConfiguration>,Collection<CmsExternalWidgetConfiguration>,Map<String,CmsComplexWidgetData>,Map<String,Type>,List<TabInfo>,String,List<String>,Map<String,String>,List<String>,Map<String,String>,Collection<String>,String,String,String,boolean,boolean,Set<String>)"
"--large-name11--","CmsSitemapData(Map<String,CmsClientTemplateBean>,Map<String,CmsXmlContentProperty>,CmsSitemapClipboardData,Map<String,CmsClientProperty>,List<String>,String,boolean,String,boolean,CmsNewResourceInfo,List<CmsNewResourceInfo>,CmsNewResourceInfo,String,String,CmsClientSitemapEntry,String,int,CmsDetailPageTable,List<CmsNewResourceInfo>,boolean)"
"--large-name30--","CmsADEConfigDataInternal(CmsResource,boolean,String,CmsResource,List<CmsResourceTypeConfig>,boolean,List<CmsPropertyConfig>,boolean,List<CmsDetailPageInfo>,List<CmsModelPageConfig>,List<CmsFunctionReference>,boolean,boolean,boolean,CmsFormatterChangeSet)"
"--large-name4--","CmsSitemapData(CmsSitemapTemplate,Map<String,CmsSitemapTemplate>,Map<String,CmsXmlContentProperty>,CmsSitemapClipboardData,Map<String,CmsComputedPropertyValue>,String,String,boolean,String,boolean,int,String,CmsClientSitemapEntry,String,int,CmsDetailPageTable,List<CmsResourceTypeInfo>)"
"--large-name31--","CmsSitemapData(Map<String,CmsClientTemplateBean>,Map<String,CmsXmlContentProperty>,CmsSitemapClipboardData,List<CmsContextMenuEntryBean>,Map<String,CmsClientProperty>,List<String>,String,boolean,String,boolean,CmsNewResourceInfo,List<CmsNewResourceInfo>,CmsNewResourceInfo,CmsNewResourceInfo,CmsSitemapInfo,String,CmsClientSitemapEntry,String,int,CmsDetailPageTable,List<CmsNewResourceInfo>,String,boolean,String,boolean,boolean,boolean,boolean,List<CmsListInfoBean>,EditorMode,String,boolean)"
"--large-name1--","CmsSitemapData(CmsSitemapTemplate,Map<String,CmsSitemapTemplate>,Map<String,CmsXmlContentProperty>,CmsSitemapClipboardData,Map<String,CmsComputedPropertyValue>,String,String,boolean,String,boolean,int,String,CmsClientSitemapEntry,long,String)"
"--large-name17--","CmsSitemapData(Map<String,CmsClientTemplateBean>,Map<String,CmsXmlContentProperty>,CmsSitemapClipboardData,List<CmsContextMenuEntryBean>,Map<String,CmsClientProperty>,List<String>,String,boolean,String,boolean,CmsNewResourceInfo,List<CmsNewResourceInfo>,CmsNewResourceInfo,CmsNewResourceInfo,CmsSitemapInfo,String,CmsClientSitemapEntry,String,int,CmsDetailPageTable,List<CmsNewResourceInfo>,String,boolean,String,boolean)"
"--large-name20--","CmsContentDefinition(Entity,Map<String,AttributeConfiguration>,Collection<CmsExternalWidgetConfiguration>,Map<String,CmsComplexWidgetData>,Map<String,I_Type>,List<TabInfo>,String,List<String>,Map<String,String>,List<String>,String,String,String,boolean,boolean)"
"--large-name28--","CmsADEConfigDataInternal(CmsResource,boolean,String,List<CmsResourceTypeConfig>,boolean,List<CmsPropertyConfig>,boolean,List<CmsDetailPageInfo>,List<CmsModelPageConfig>,List<CmsFunctionReference>,boolean,boolean,boolean,CmsFormatterChangeSet)"
"--large-name19--","CmsContentDefinition(Entity,Map<String,AttributeConfiguration>,Collection<CmsExternalWidgetConfiguration>,Map<String,CmsComplexWidgetData>,Map<String,I_Type>,List<TabInfo>,String,List<String>,Map<String,String>,String,String,String,boolean,boolean)"
"--large-name5--","CmsSitemapData(CmsSitemapTemplate,Map<String,CmsSitemapTemplate>,Map<String,CmsXmlContentProperty>,CmsSitemapClipboardData,Map<String,CmsComputedPropertyValue>,String,String,boolean,String,boolean,int,String,CmsClientSitemapEntry,String,int,CmsDetailPageTable,List<CmsResourceTypeInfo>,boolean)"
"--large-name25--","CmsContentDefinition(String,Map<String,Entity>,Map<String,AttributeConfiguration>,Collection<CmsExternalWidgetConfiguration>,Map<String,CmsComplexWidgetData>,Map<String,I_Type>,List<TabInfo>,String,List<String>,Map<String,String>,List<String>,Map<String,String>,Collection<String>,String,String,String,boolean,boolean,Set<String>)"
"--large-name13--","CmsSitemapData(Map<String,CmsClientTemplateBean>,Map<String,CmsXmlContentProperty>,CmsSitemapClipboardData,Map<String,CmsClientProperty>,List<String>,String,boolean,String,boolean,CmsNewResourceInfo,List<CmsNewResourceInfo>,CmsNewResourceInfo,CmsSitemapInfo,String,CmsClientSitemapEntry,String,int,CmsDetailPageTable,List<CmsNewResourceInfo>,String,boolean)"
"--large-name8--","CmsSitemapData(CmsSitemapTemplate,Map<String,CmsSitemapTemplate>,Map<String,CmsXmlContentProperty>,CmsSitemapClipboardData,Map<String,CmsClientProperty>,List<String>,String,boolean,String,boolean,CmsNewResourceInfo,List<CmsNewResourceInfo>,CmsNewResourceInfo,String,CmsClientSitemapEntry,String,int,CmsDetailPageTable,List<CmsNewResourceInfo>,boolean)"
"--large-name3--","CmsSitemapData(CmsSitemapTemplate,Map<String,CmsSitemapTemplate>,Map<String,CmsXmlContentProperty>,CmsSitemapClipboardData,Map<String,CmsComputedPropertyValue>,String,String,boolean,String,boolean,int,String,CmsClientSitemapEntry,long,String,int,CmsDetailPageTable,List<CmsResourceTypeInfo>,String)"
"--large-name14--","CmsSitemapData(Map<String,CmsClientTemplateBean>,Map<String,CmsXmlContentProperty>,CmsSitemapClipboardData,Map<String,CmsClientProperty>,List<String>,String,boolean,String,boolean,CmsNewResourceInfo,List<CmsNewResourceInfo>,CmsNewResourceInfo,CmsNewResourceInfo,CmsSitemapInfo,String,CmsClientSitemapEntry,String,int,CmsDetailPageTable,List<CmsNewResourceInfo>,String,boolean)"
"--large-name29--","CmsSitemapData(Map<String,CmsClientTemplateBean>,Map<String,CmsXmlContentProperty>,CmsSitemapClipboardData,List<CmsContextMenuEntryBean>,Map<String,CmsClientProperty>,List<String>,String,boolean,String,boolean,CmsNewResourceInfo,List<CmsNewResourceInfo>,CmsNewResourceInfo,CmsNewResourceInfo,CmsSitemapInfo,String,CmsClientSitemapEntry,String,int,CmsDetailPageTable,List<CmsNewResourceInfo>,String,boolean,String,boolean,boolean,boolean,boolean,List<CmsListInfoBean>,EditorMode,String)"
"--large-name21--","CmsContentDefinition(String,Map<String,Entity>,Map<String,AttributeConfiguration>,Collection<CmsExternalWidgetConfiguration>,Map<String,CmsComplexWidgetData>,Map<String,I_Type>,List<TabInfo>,String,List<String>,Map<String,String>,List<String>,String,String,String,boolean,boolean)"
"--large-name9--","CmsSitemapData(Map<String,CmsSitemapTemplate>,Map<String,CmsXmlContentProperty>,CmsSitemapClipboardData,Map<String,CmsClientProperty>,List<String>,String,boolean,String,boolean,CmsNewResourceInfo,List<CmsNewResourceInfo>,CmsNewResourceInfo,String,CmsClientSitemapEntry,String,int,CmsDetailPageTable,List<CmsNewResourceInfo>,boolean)"
"--large-name12--","CmsSitemapData(Map<String,CmsClientTemplateBean>,Map<String,CmsXmlContentProperty>,CmsSitemapClipboardData,Map<String,CmsClientProperty>,List<String>,String,boolean,String,boolean,CmsNewResourceInfo,List<CmsNewResourceInfo>,CmsNewResourceInfo,CmsSitemapInfo,String,CmsClientSitemapEntry,String,int,CmsDetailPageTable,List<CmsNewResourceInfo>,boolean)"
"--large-name24--","CmsSitemapData(Map<String,CmsClientTemplateBean>,Map<String,CmsXmlContentProperty>,CmsSitemapClipboardData,List<CmsContextMenuEntryBean>,Map<String,CmsClientProperty>,List<String>,String,boolean,String,boolean,CmsNewResourceInfo,List<CmsNewResourceInfo>,CmsNewResourceInfo,CmsNewResourceInfo,CmsSitemapInfo,String,CmsClientSitemapEntry,String,int,CmsDetailPageTable,List<CmsNewResourceInfo>,String,boolean,String,boolean,boolean,List<CmsListInfoBean>,EditorMode,String)"
"--large-name6--","CmsSitemapData(CmsSitemapTemplate,Map<String,CmsSitemapTemplate>,Map<String,CmsXmlContentProperty>,CmsSitemapClipboardData,Map<String,CmsComputedPropertyValue>,String,String,boolean,String,boolean,CmsNewResourceInfo,List<CmsNewResourceInfo>,String,CmsClientSitemapEntry,String,int,CmsDetailPageTable,List<CmsNewResourceInfo>,boolean)"
"--large-name7--","CmsSitemapData(CmsSitemapTemplate,Map<String,CmsSitemapTemplate>,Map<String,CmsXmlContentProperty>,CmsSitemapClipboardData,Map<String,CmsClientProperty>,List<String>,String,boolean,String,boolean,CmsNewResourceInfo,List<CmsNewResourceInfo>,String,CmsClientSitemapEntry,String,int,CmsDetailPageTable,List<CmsNewResourceInfo>,boolean)"
"--large-name15--","CmsSitemapData(Map<String,CmsClientTemplateBean>,Map<String,CmsXmlContentProperty>,CmsSitemapClipboardData,Map<String,CmsClientProperty>,List<String>,String,boolean,String,boolean,CmsNewResourceInfo,List<CmsNewResourceInfo>,CmsNewResourceInfo,CmsNewResourceInfo,CmsSitemapInfo,String,CmsClientSitemapEntry,String,int,CmsDetailPageTable,List<CmsNewResourceInfo>,String,boolean,String)"
"--large-name2--","CmsSitemapData(CmsSitemapTemplate,Map<String,CmsSitemapTemplate>,Map<String,CmsXmlContentProperty>,CmsSitemapClipboardData,Map<String,CmsComputedPropertyValue>,String,String,boolean,String,boolean,int,String,CmsClientSitemapEntry,long,String,int)"
"--large-name18--","CmsSitemapData(Map<String,CmsClientTemplateBean>,Map<String,CmsXmlContentProperty>,CmsSitemapClipboardData,List<CmsContextMenuEntryBean>,Map<String,CmsClientProperty>,List<String>,String,boolean,String,boolean,CmsNewResourceInfo,List<CmsNewResourceInfo>,CmsNewResourceInfo,CmsNewResourceInfo,CmsSitemapInfo,String,CmsClientSitemapEntry,String,int,CmsDetailPageTable,List<CmsNewResourceInfo>,String,boolean,String,boolean,boolean,List<CmsListInfoBean>)"
"--large-name27--","CmsContentDefinition(String,Map<String,CmsEntity>,Map<String,CmsAttributeConfiguration>,Collection<CmsExternalWidgetConfiguration>,Map<String,CmsComplexWidgetData>,Map<String,CmsType>,List<CmsTabInfo>,String,List<String>,Map<String,String>,List<String>,Map<String,String>,Collection<String>,String,String,String,boolean,boolean,Set<String>)"
"--large-name16--","CmsSitemapData(Map<String,CmsClientTemplateBean>,Map<String,CmsXmlContentProperty>,CmsSitemapClipboardData,Map<String,CmsClientProperty>,List<String>,String,boolean,String,boolean,CmsNewResourceInfo,List<CmsNewResourceInfo>,CmsNewResourceInfo,CmsNewResourceInfo,CmsSitemapInfo,String,CmsClientSitemapEntry,String,int,CmsDetailPageTable,List<CmsNewResourceInfo>,String,boolean,String,boolean)"
"--large-name23--","CmsSitemapData(Map<String,CmsClientTemplateBean>,Map<String,CmsXmlContentProperty>,CmsSitemapClipboardData,List<CmsContextMenuEntryBean>,Map<String,CmsClientProperty>,List<String>,String,boolean,String,boolean,CmsNewResourceInfo,List<CmsNewResourceInfo>,CmsNewResourceInfo,CmsNewResourceInfo,CmsSitemapInfo,String,CmsClientSitemapEntry,String,int,CmsDetailPageTable,List<CmsNewResourceInfo>,String,boolean,String,boolean,boolean,List<CmsListInfoBean>,EditorMode)"
"--large-name22--","CmsContentDefinition(String,Map<String,Entity>,Map<String,AttributeConfiguration>,Collection<CmsExternalWidgetConfiguration>,Map<String,CmsComplexWidgetData>,Map<String,I_Type>,List<TabInfo>,String,List<String>,Map<String,String>,List<String>,Map<String,String>,Collection<String>,String,String,String,boolean,boolean)"
"--large-name10--","CmsSitemapData(Map<String,CmsSitemapTemplate>,Map<String,CmsXmlContentProperty>,CmsSitemapClipboardData,Map<String,CmsClientProperty>,List<String>,String,boolean,String,boolean,CmsNewResourceInfo,List<CmsNewResourceInfo>,CmsNewResourceInfo,String,String,CmsClientSitemapEntry,String,int,CmsDetailPageTable,List<CmsNewResourceInfo>,boolean)"